,Minimum Time (s),Query,Index Combination,Engine
0,0.020707368850708008,Q1,I2+I3+I4+I5,MEMORY
1,0.0005083084106445312,Q2,I4+I5+I6,MyISAM
2,0.0008022785186767578,Q3,I1+I2+I3,MyISAM
3,0.0009961128234863281,Q4,I8+I9,MEMORY
4,0.015013694763183594,Q5,I3+I4+I5+I6+I9,MEMORY
5,0.0024309158325195312,Q6,I5+I7+I10,MEMORY
6,0.0005064010620117188,Q7,N0,MEMORY
