Query,Time
1,18.079280853271484
2,1.4070367813110352
3,1.5658807754516602
4,2.0580291748046875
5,2.0020008087158203
6,5.9986114501953125
7,4.001379013061523
