Query,Time
Q1,18.079280853271484
Q2,1.4070367813110352
Q3,1.5658807754516602
Q4,2.0580291748046875
Q5,2.0020008087158203
Q6,5.9986114501953125
Q7,4.001379013061523
