Query,Time
Q1,13.056755065917969
Q2,1.160879135131836
Q3,0.6653404235839844
Q4,5.150079727172852
Q5,15.620946884155273
Q6,2.9668807983398438
Q7,2.5780200958251953
