Query,Time
Q1,3.009796142578125
Q2,1.2454938888549805
Q3,1.5735960006713867
Q4,2.000570297241211
Q5,1.6865730285644531
Q6,2.9985904693603516
Q7,1.9638538360595703
