Query,Time
Q1,24.785513877868652
Q2,2.809929847717285
Q3,3.8275814056396484
Q4,2.189922332763672
Q5,44.96812343597412
Q6,3.7629127502441406
Q7,1.6676616668701172
