Query,Time
Q1,48.95683288574219
Q2,2.829413414001465
Q3,7.918877601623535
Q4,3.3566856384277344
Q5,33.02320957183838
Q6,3.8648509979248047
Q7,1.7138910293579102
