Query,Time
Q1,24.71001625061035
Q2,2.7201414108276367
Q3,4.006929397583008
Q4,2.4045896530151367
Q5,46.48237228393555
Q6,3.8282394409179688
Q7,1.5662622451782227
