Query,Time
1,5.392789840698242
2,0.852513313293457
3,0.5804681777954102
4,0.0
5,16.80135726928711
6,0.0
7,0.0
