indices,times,engine
(),"[0.045915842056274414, 0.002006053924560547, 0.006998777389526367, 0.003968238830566406, 0.028661727905273438, 0.004004478454589844, 0.0010020732879638672, 0.009007692337036133, 0.011024713516235352, 0.02305150032043457]",InnoDB
"('CREATE INDEX idx_patient_id ON patient(Patient_ID);',)","[0.0420987606048584, 0.0010156631469726562, 0.00607609748840332, 0.0030028820037841797, 0.028361082077026367, 0.004615306854248047, 0.0010228157043457031, 0.0049970149993896484, 0.01241159439086914, 0.019033432006835938]",InnoDB
(),"[0.1663980484008789, 0.002050638198852539, 0.020686864852905273, 0.005999565124511719, 0.1007530689239502, 0.009515762329101562, 0.0010290145874023438, 0.006010532379150391, 0.009999990463256836, 0.023899316787719727]",MyISAM
"('CREATE INDEX idx_patient_id ON patient(Patient_ID);',)","[0.16182470321655273, 0.0009877681732177734, 0.01997208595275879, 0.005999088287353516, 0.103851318359375, 0.009963750839233398, 0.0009996891021728516, 0.0050067901611328125, 0.010786056518554688, 0.018098115921020508]",MyISAM
(),"[0.07977080345153809, 0.0030007362365722656, 0.018450498580932617, 0.003004789352416992, 0.01963186264038086, 0.006972789764404297, 0.0020101070404052734, 0.004997730255126953, 0.010011911392211914, 0.01706218719482422]",MEMORY
"('CREATE INDEX idx_patient_id ON patient(Patient_ID);',)","[0.08164048194885254, 0.0029997825622558594, 0.01700568199157715, 0.0020177364349365234, 0.01777172088623047, 0.008000373840332031, 0.001005411148071289, 0.005018949508666992, 0.00901484489440918, 0.0180509090423584]",MEMORY
