Query,Time_ms
Q1,72.73158073425293
Q2,98.37934970855713
Q3,82.53274440765381
Q4,42.08810329437256
Q5,60.8331298828125
Q6,86.9594955444336
Q7,36.501450538635254
